Customer_Gender;(All);;;;;;;;;;;;
;;;;;;;;;;;;;
Row Labels;Revenue per Country;Sum of Cost;Sum of Profit;;;Sum of Revenue;Column Labels;;;;;;
United States;R$ 27.975.547;R$ 16.901.903;R$ 11.073.644;;;Row Labels;2011;2012;2013;2014;2015;2016;Grand Total
Australia;R$ 21.302.059;R$ 14.526.029;R$ 6.776.030;;;United States;R$ 3.041.468;R$ 3.150.719;R$ 4.935.660;R$ 4.750.708;R$ 6.286.498;R$ 5.810.494;R$ 27.975.547
United Kingdom;R$ 10.646.196;R$ 6.232.343;R$ 4.413.853;;;Australia;R$ 2.529.914;R$ 2.557.511;R$ 4.107.470;R$ 2.802.842;R$ 5.712.339;R$ 3.591.983;R$ 21.302.059
Germany;R$ 8.978.596;R$ 5.618.601;R$ 3.359.995;;;United Kingdom;R$ 823.481;R$ 834.885;R$ 1.868.796;R$ 2.014.044;R$ 2.484.181;R$ 2.620.809;R$ 10.646.196
France;R$ 8.432.872;R$ 5.552.590;R$ 2.880.282;;;Germany;R$ 833.603;R$ 835.188;R$ 1.452.704;R$ 1.702.508;R$ 1.931.091;R$ 2.223.502;R$ 8.978.596
Canada;R$ 7.935.738;R$ 4.218.442;R$ 3.717.296;;;Canada;R$ 789.798;R$ 835.527;R$ 1.443.537;R$ 1.471.522;R$ 1.731.954;R$ 1.663.400;R$ 7.935.738
Grand Total;R$ 85.271.008;R$ 53.049.908;R$ 32.221.100;;;France;R$ 946.624;R$ 962.153;R$ 1.431.870;R$ 1.411.100;R$ 1.877.928;R$ 1.803.197;R$ 8.432.872
;;;;;;Grand Total;R$ 8.964.888;R$ 9.175.983;R$ 15.240.037;R$ 14.152.724;R$ 20.023.991;R$ 17.713.385;R$ 85.271.008
